day,sentiment_mean,sentiment_std,subjectivity_mean,subjectivity_std,counting
000-00-00,0.0,1.0,0.0,1.0,3.0
2022-01-05,0.408248290463863,1.0,-0.408248290463863,1.0,1.0
2022-01-14,-0.17235659317867985,1.0,-0.6357361887513555,1.0,1.0
2022-02-14,0.408248290463863,1.0,-0.408248290463863,1.0,1.0
2022-04-19,0.0,1.0,0.0,1.0,1.0
2022-04-27,-0.18156544230599356,0.0,-0.682663193585703,0.0,2.0
2022-04-30,-1.1040074290066757,1.0,-0.682663193585703,1.0,1.0
2022-05-16,-1.1141026988413414,1.0,-0.5238963740184862,1.0,1.0
2022-05-18,0.408248290463863,1.0,-0.408248290463863,1.0,1.0
2022-05-20,0.8711094891227004,1.0,-0.31622776601683794,1.0,1.0
2022-06-07,-0.7701294958710185,1.0,0.9503496885810961,1.0,1.0
2022-06-17,1.6274558881277992,1.0,-0.693097173806481,1.0,1.0
2022-06-19,0.559016883020847,1.0,-0.7400281462848273,1.0,1.0
2022-06-24,0.22816342905483783,0.4678974417567126,-0.6270278098797423,0.1598066082967934,2.0
2022-07-03,-0.6137367227164561,0.4053928309503336,-0.6483569101814279,0.12964270537693345,2.0
2022-07-05,-0.3754082267747404,1.0,0.9366689714332098,1.0,1.0
2022-07-06,-0.3270807029070634,1.0,-0.7400281462848273,1.0,1.0
2022-07-10,-0.1963610934723135,1.0,-0.6677751342556016,1.0,1.0
2022-07-12,-0.16262128378141255,0.6910615089402168,-0.6863570885472534,0.02627885177465099,2.0
2022-07-13,0.9387729912756657,1.0,-0.7400281462848273,1.0,1.0
2022-07-15,0.3993846732816244,1.0,-0.5140274734746573,1.0,1.0
2022-07-16,-0.3270807029070634,1.0,-0.7400281462848273,1.0,1.0
2022-07-18,-0.656769505023858,1.0,0.2678588674378991,1.0,1.0
2022-07-25,-0.3270807029070634,1.0,0.9503496885810961,1.0,1.0
2022-07-26,-0.3270807029070634,1.0,-0.7400281462848273,1.0,1.0
2022-07-28,-2.041241452319315,1.0,-0.408248290463863,1.0,1.0
2022-07-31,0.3037473181892585,1.0,-0.4249828253787121,1.0,1.0
2022-08-03,-0.3270807029070634,0.0,-0.7400281462848273,0.0,2.0
2022-08-05,0.4305118131831299,1.0,1.0984554354701532,1.0,1.0
2022-08-07,-0.3993789649200466,1.0,0.25020720908856525,1.0,1.0
2022-08-09,0.7739458164014211,1.0,1.7540545701996895,1.0,1.0
2022-08-10,-0.3087273100672352,0.9765493618146016,-0.6270278098797423,0.1598066082967934,2.0
2022-08-15,0.7408765443946886,1.0,-0.682663193585703,1.0,1.0
2022-08-23,-0.10269002491117132,1.0,-0.5140274734746573,1.0,1.0
2022-08-24,-0.1797889165554743,0.023436597353840342,1.3832594899965787,0.31089116517963183,2.0
2022-08-27,-0.9003927425258487,1.0,-0.5566856740780286,1.0,1.0
2022-08-29,0.29036982970756686,0.9628916098895061,-0.31622776601683794,0.0,2.0
2022-08-30,-0.3270807029070634,1.0,-0.7400281462848273,1.0,1.0
2022-08-31,-0.3270807029070634,1.0,-0.7400281462848273,1.0,1.0
2022-09-02,-1.0179722634345358,1.8124890307639367,0.03533132213780851,0.4971796304438195,2.0
2022-09-05,-0.0024962189172216265,2.0472306678163124,-0.7039016402702145,0.05109059476701859,2.0
2022-09-08,-0.11383873422143191,1.0,-0.7049390428389053,1.0,1.0
2022-09-09,-0.5306758956724495,1.0,-0.31622776601683794,1.0,1.0
2022-09-10,-0.28389514908972774,0.49071858685746117,0.027794223764941506,0.8265793984639694,2.0
2022-09-14,0.4647286967397619,0.7025632167593989,0.5067346299433734,1.3480716020690073,5.0
2022-09-15,-1.8958139470282989,1.0,-0.5140274734746573,1.0,1.0
2022-09-16,-0.3270807029070634,1.0,-0.7400281462848273,1.0,1.0
2022-09-19,-1.2384953627186284,1.0,-0.06387701233845783,1.0,1.0
2022-09-20,-0.027006405909932824,0.7085330520797046,-0.21252632512220956,0.7992966177644364,3.0
2022-09-21,-0.5363436654173145,0.6132788597762542,-0.60272165356876,0.1254325123926418,2.0
2022-09-22,0.8377336466275777,1.0,-0.31622776601683794,1.0,1.0
2022-09-23,-0.9095286616641276,0.2289297235481119,0.8720111525715151,0.5755421763369968,2.0
2022-09-25,0.13946367795024553,1.0,-0.6677751342556016,1.0,1.0
2022-09-26,-0.36954329149101184,0.2449166131996261,0.18527118761922462,1.206389677727864,2.0
2022-09-27,-0.9033683065078386,1.132330084931591,-0.5447385812624691,0.04343206514902547,2.0
2022-09-28,-0.34663593837840695,0.518728353389623,-0.09766483583464336,0.733651476966686,6.0
2022-09-29,0.44681204177691247,0.7500531946643803,-0.2922574589828397,0.6280783777051364,5.0
2022-09-30,0.21525590659156496,0.30441782248270727,0.37260466076250115,0.5269425646537553,2.0
2022-10-01,0.2120977137602489,0.5768977646580741,-0.5691950173928635,0.010833409095308052,3.0
2022-10-02,1.5109311816868878,0.614725920334798,0.33700104134298314,1.2904001979193904,2.0
2022-10-03,-1.5907826156423717,1.0287076559263497,-0.6562878543807396,0.11598896218839681,3.0
2022-10-04,0.5983947607573843,0.6807251867170381,-0.175047863326279,1.051177259976061,7.0
2022-10-05,-0.12381943561442228,0.9903331262991925,-0.6533281776041996,0.08533717770987444,7.0
2022-10-06,0.4234294385728686,1.487958064843246,0.45958396509146887,1.0012719524154954,7.0
2022-10-07,0.24590228648090057,0.8374500040755222,-0.2063529972028296,0.6012707399942268,11.0
2022-10-08,0.3143651001850973,0.7997172569362788,0.28794839114393134,1.527684533155409,3.0
2022-10-09,0.12324300899470012,0.7779886621343515,-0.361248571334507,0.38665721259003977,4.0
2022-10-10,0.16309535712460888,1.7982536078810776,-0.5029090837252785,0.12195450811118262,6.0
2022-10-11,-0.1649953647702824,0.6377085873987398,0.2724404514781496,0.9447023904931807,8.0
2022-10-12,0.06215946116518174,0.7931179675404822,-0.3372432131551808,0.4893448984647267,16.0
2022-10-13,-0.1954856853016411,1.076928365604852,-0.3164740466987568,0.5893992039886516,17.0
2022-10-14,0.12120981550687117,0.9590200635936234,0.28518273735782923,1.0332053588509877,12.0
2022-10-15,0.514392861774152,1.1431854370332988,0.06657886486374653,1.3258466041343648,4.0
2022-10-16,-0.39762966621793255,0.4647463412860884,0.006406940676275452,1.3518887323007212,6.0
2022-10-17,0.1411526197586939,1.130392777555957,0.6519143083141882,1.6288831257645549,11.0
2022-10-18,0.14099679218006458,1.2455900932828452,0.2343254553422898,0.8511279427984451,11.0
2022-10-19,0.6558025916727589,0.9064607866535561,0.08705213460011459,0.9827408621380129,13.0
2022-10-20,0.120167971806835,1.1508493706752758,0.06597274224477655,0.9407631381217613,37.0
2022-10-21,-0.002759049624302615,0.9230319974835504,-0.08292192334402874,0.9134215345959834,29.0
2022-10-22,0.009463381200013573,1.1570567072880145,-0.40626045368760316,0.4351886330693041,12.0
2022-10-23,-0.07311083238346294,1.0499304625234898,-0.5166389972977086,0.11531329415176786,7.0
2022-10-24,0.12120288825275596,0.7625293888368547,0.12069647052599305,1.0089653496233952,20.0
2022-10-25,-0.2580586704758705,1.4284277656090276,-0.16009950675544687,0.8216125681482284,22.0
2022-10-26,-0.0320870259341617,1.09569258683138,0.386497017661326,1.030314706069376,26.0
2022-10-27,0.08323106962034539,0.8825345705571793,-0.029969960191648885,1.0538702171392702,23.0
2022-10-28,0.29547346745056635,0.9540762890915978,0.007463358682338411,0.77790956822898,16.0
2022-10-29,-0.07237591399565113,1.1353138682887298,0.561355471781133,1.2950269041047382,12.0
2022-10-30,0.17513306711034599,1.090818911596239,-0.029118467105680036,0.6958068438270627,17.0
2022-10-31,-0.043780039335527945,0.8703335843568116,0.13278648431810852,0.9808269407006338,32.0
2022-11-01,-0.16923053945657798,0.919243670292189,-0.04970987965248488,0.8664269394142499,20.0
2022-11-02,-0.23986377582193166,0.6683278257359597,-0.30084434619735295,0.5978705721934231,24.0
2022-11-03,-0.13110436508283166,1.0853174736095095,-0.361318476786495,0.6345025481984783,28.0
2022-11-04,0.13628971382518376,0.9871208890929583,-0.0935205754383528,0.6741160476654604,17.0
2022-11-05,-0.44161757492016224,0.9104932176600211,0.06038540037949336,1.1256055770070732,20.0
2022-11-06,-0.590700641980256,1.67731487479697,-0.02338529801456956,1.3525158698597466,17.0
2022-11-07,0.5048110612517853,0.899753851762453,-0.04839623917994314,0.8461880662238115,21.0
2022-11-08,0.06539086926555303,0.9035445275985147,-0.260398366504728,0.7017551940937283,24.0
2022-11-09,0.13246502458236054,0.8759029582844168,0.18579451371228253,1.0419014692022537,29.0
2022-11-10,0.2910036337135147,1.1957513168126452,0.2255553392362478,1.2170689820272773,22.0
2022-11-11,-0.5207399866581567,0.9794878842494406,0.13235429022130935,1.0140064751549893,22.0
2022-11-12,0.39282272172640326,1.1619028079110254,-0.24600848795258656,0.5727374451977052,9.0
2022-11-13,-0.7271099626093601,1.0443282806256342,0.1406355284913524,1.2369957683780217,6.0
2022-11-14,0.003560879088226221,0.8115189390928308,-0.24741924673630353,0.8414787442049952,17.0
2022-11-15,0.29237464537746627,0.9025130564277752,0.31539308493523793,1.4049641960286292,38.0
2022-11-16,-0.13594117394453606,0.6788531814844561,-0.053924942891484126,1.179887795609612,28.0
2022-11-17,-0.10320867322369627,1.026007950692581,-0.202185559611889,0.690133430782768,37.0
2022-11-18,0.460187097329528,0.7775687635126575,-0.13933502702458747,0.8252548879688624,27.0
2022-11-19,-0.2865010436081846,0.8500492492288731,0.05808010006100341,1.1122124077268296,19.0
2022-11-20,0.3932262763649548,0.6821926793337546,0.02279365392396257,1.01444773564846,17.0
2022-11-21,0.0218097549973838,0.8589541898102956,-0.08673504574779263,0.7846631016259725,24.0
2022-11-22,-0.26026933140247427,0.6900818991707042,0.03626922469543352,0.8884164747597643,33.0
2022-11-23,0.29584545027355114,0.7402024826673527,-0.2445826734278878,0.5330674268050224,20.0
2022-11-24,0.04960793172318071,0.9773895599989434,0.01580640507686357,0.9162577356753416,60.0
2022-11-25,0.03892143660816166,0.7592593014205262,0.32277761924995074,1.1674251178382162,28.0
2022-11-26,0.15208622706875713,0.984185917654573,-0.17238785362099293,0.6115762424994484,23.0
2022-11-27,-0.2770970880274306,1.1283516673700031,-0.12195164526877766,0.9082990016900392,21.0
2022-11-28,-0.16996529587782674,0.5974846006748598,0.140084808273872,1.1009263581715119,20.0
2022-11-29,-0.4364882752650212,0.8620854390317474,0.13407145167708678,1.056660970468837,24.0
2022-11-30,-0.06359700188482911,0.9892133979171347,-0.30155951529611474,0.4100596157528343,20.0
2022-12-01,-0.13181983340713396,1.0084272990684324,0.2114424017212205,1.3463574738574422,30.0
2022-12-02,-0.4659357945895191,1.267763849030083,-0.26284098295567554,0.7711943706942361,36.0
2022-12-03,-0.09779074303956763,0.6709238582626714,0.1241727989746867,1.3332906157891622,12.0
2022-12-04,-0.34468941225324967,1.216366438605549,-0.33937472976345023,0.4514602547559139,20.0
2022-12-05,-0.14654667707857497,0.993070333600862,0.007175546944795386,0.9445881621097181,36.0
2022-12-06,-0.06769359034669283,0.607834234125219,-0.18656854783424331,0.7656154384205601,23.0
2022-12-07,-0.2143471482398789,1.045006723897359,-0.04879034268195312,1.0447582510909257,32.0
2022-12-08,-0.3090793926400279,0.9489799316659147,0.24817984894431117,1.1565505971185195,23.0
2022-12-09,-0.11820134996394016,0.7900868567090493,-0.2395071752507172,0.8026861469390387,33.0
2022-12-10,-0.04827266625608518,0.6644706919313302,-0.18182007720110874,0.9088901447502593,17.0
2022-12-11,0.12458106696235012,1.0938081684488543,0.07726380130231683,1.1078200838153967,22.0
2022-12-12,-0.04368731071435754,0.8971650176235184,0.3121496533715926,1.2786243268853497,43.0
2022-12-13,-0.22366909148220362,1.0238572225490918,0.14208796301209775,1.249026101294684,30.0
2022-12-14,-0.1366437083105273,0.7956001051178745,-0.3778952913744347,0.3724428282995482,35.0
2022-12-15,0.09839506371213268,0.8582160841739153,0.1096628771098464,1.081651051126098,33.0
2022-12-16,-0.3568520056213112,1.0269636291928985,-0.1949372352209802,1.0995339626945135,24.0
2022-12-17,-0.155615937938695,0.7886783498537404,-0.20344989054340576,0.8552959889554739,22.0
2022-12-18,-0.18158222973882351,0.9837663170288824,-0.07241011300956661,0.8553047354787536,24.0
2022-12-19,-0.3518586707733755,1.0032133619402754,-0.024299253610742037,0.9511795042004084,110.0
2022-12-20,-0.024099343798119677,0.8643032449235846,-0.12752981705340344,0.8807535741179154,39.0
2022-12-21,0.029118801945449344,0.8131028127488972,0.1999755661192653,1.2128120682696655,16.0
2022-12-22,0.26409188434460973,0.9041100197038752,-0.04042594956649649,1.0307771410034705,18.0
2022-12-23,0.2536416389416778,1.0639290455976855,-0.1343048818795154,0.8510083442800288,32.0
2022-12-24,-0.0858411926607989,1.2172922202643657,-0.1722455758925093,0.704251339734684,14.0
2022-12-25,0.21808700427713473,0.7817569754554413,-0.0015613847765698907,0.6210160313238065,8.0
2022-12-26,0.019540396259583037,0.8031285744615777,0.13619494319226436,1.2248022495458895,22.0
2022-12-27,0.04476030433803458,0.9227198830146884,-0.1603400915567469,0.6696552947272857,31.0
2022-12-28,0.5418244702576974,0.9743128256907939,0.16205078981490145,1.1871712391952722,32.0
2022-12-29,0.20200377346373963,1.0504343149018989,-0.2978853738970513,0.4765778801989823,25.0
2022-12-30,0.4856675970081527,0.8574772787000859,0.3620356269188025,1.2747887656791586,42.0
2022-12-31,-0.1525165437264969,0.8573523310520136,-0.10607621805518352,0.7688577823726329,21.0
2023-01-01,0.2242070009352123,0.9908205989837069,-0.11054160209202525,1.0342622314213543,36.0
2023-01-02,0.004380787566418556,0.8871913014526176,0.017570141122099342,1.0340983629805272,22.0
2023-01-03,0.05079748998811461,0.9892226604289801,-0.21005667364589195,0.7981890785439074,23.0
2023-01-04,0.24178248158018298,0.8340355314536916,0.2558898271258001,1.1037740228602952,38.0
2023-01-05,0.6153066830977013,1.1450747588619263,-0.3761575921972603,0.6843195320336941,19.0
2023-01-06,0.3408069855846354,0.9874224230831874,-0.16037975787848816,0.6948440754333317,18.0
2023-01-07,0.23399871495870797,1.083014556654991,0.11134988101234654,0.9164788757049296,17.0
2023-01-08,-0.2211756279866695,0.9123428895187045,0.18219412570680524,1.041395495522698,16.0
2023-01-09,0.2499132639054363,0.7394783686727862,0.6015550927573042,1.461768282261481,12.0
2023-01-10,0.3894363709766067,0.9281366896894172,-0.08682014366159195,0.8824683674722243,24.0
2023-01-11,-0.08679053749488916,0.668747431203899,-0.04574704223384692,0.8901139766906185,21.0
2023-01-12,0.029787279044283046,0.666882064903768,-0.16412340761582234,1.077033121224293,13.0
2023-01-13,0.15879402989789432,1.1947302928499166,-0.3471907192981848,0.4864970058916962,30.0
2023-01-14,0.10620852882220684,0.8680844331854398,0.14664173171781444,1.3132434692584216,15.0
2023-01-15,-0.034014657425484145,1.3622991847453674,0.0626688545446235,1.1382921633638377,17.0
2023-01-16,0.2872315763985761,0.862604221587219,-0.43861055037988705,0.32650863034917804,17.0
2023-01-17,-0.3544265892712337,1.0382492696052104,-0.2389955931564322,0.6510404045382069,21.0
2023-01-18,-0.5993021845971029,1.049356849266459,0.2520133476437413,1.2830424794032942,5.0
2023-01-19,-0.401482869527407,0.9213849668955014,-0.3892099743315227,0.38049380131596594,25.0
2023-01-20,-0.09080579656830366,0.93457321528421,-0.1373534935206224,0.8860782224717737,25.0
2023-01-21,0.26125491542777973,1.1956393139828225,0.10623062367686266,1.0209753593643092,29.0
2023-01-22,0.15630616662115845,1.1814993269740448,-0.07293021740762408,0.8467813444996459,26.0
2023-01-23,-0.1828613053737971,1.0646303258667926,0.024683705075150737,0.8819691891886112,35.0
2023-01-24,0.30661805695526245,1.2219970267749576,-0.2936392753627622,0.5865288730037861,21.0
2023-01-25,-0.19344237371206918,0.878499721163732,-0.2870531311001686,0.5383052261130215,18.0
2023-01-26,0.16942452096019184,0.997378249628092,-0.14159082392758832,0.9885618021894078,19.0
2023-01-27,-0.06390641198187642,1.0634561894543872,-0.2025484364396513,0.8457063885489114,27.0
2023-01-28,-0.1586039154278685,1.4081182063450615,-0.07149027642597654,0.6700342487254531,25.0
2023-01-29,0.05197316656812256,1.4821838571371164,-0.16957392554305778,0.9349778143866934,11.0
2023-01-30,0.5175894698138153,1.164905478355116,-0.3547468475059565,0.5629422779681601,11.0
2023-01-31,-0.26318775467571837,0.8448168194301358,0.3503312922592932,1.2070708211739563,20.0
2023-02-01,0.03101259082446373,0.9216522182152079,0.14026124194830125,1.2293152716125197,33.0
2023-02-02,-0.1619179234867932,0.9660749620294524,-0.004076546272536241,1.174111000313759,15.0
2023-02-03,-0.06807367794515935,0.7200832492797592,-0.008011902569401664,0.942850591057125,23.0
2023-02-04,-0.13294709589509834,0.843300409118497,-0.10010157087885557,0.7246234046471436,8.0
2023-02-05,0.2910102885590294,1.3295624505842125,0.10964055207927283,1.2384521891252407,11.0
2023-02-06,-0.280711968981866,0.964915980469937,-0.2628380221209328,0.4520602203119619,25.0
2023-02-07,-0.03864394930293404,1.1192833181542081,-0.025225281906924763,1.0235843536829192,35.0
2023-02-08,0.5192053403882807,0.8318135203370677,0.29198379516775114,1.0544012236278142,9.0
2023-02-09,-0.09993500757584943,1.0060726651052225,-0.4960859451589186,0.22335857970070658,12.0
2023-02-10,0.10544283957936959,0.4561939521357194,-0.26837391137128985,0.8868882507110296,15.0
2023-02-11,-0.19643979623057306,1.5957902279981995,-0.4864069070158389,0.13058577158672918,4.0
2023-02-12,-0.6445453042688185,1.297982379295276,0.0389255636287027,0.9663020720815912,3.0
2023-02-13,0.39450537029000304,0.892054509810402,0.3474118227743289,1.3111047631877568,5.0
2023-02-14,0.7482014580862679,1.0916938061683676,-0.5918413930211095,0.17184632960724028,9.0
2023-02-15,-0.12411707142796825,0.6907502207729126,-0.2803789552708625,0.4549129996708968,12.0
2023-02-16,-0.27780460808048385,1.3008158591010297,-0.22609956346005972,0.7068481966674722,11.0
2023-02-17,-0.07364641004644554,1.1515963352616507,-0.2647137968383457,0.5708466558235051,16.0
2023-02-18,-0.07697859582501058,1.0696672070600188,0.021508092324824545,1.05243694169202,12.0
2023-02-19,0.147351678904309,0.819903518511611,-0.03801018005308077,0.8756630745653331,24.0
2023-02-20,0.2786341239155689,1.0741829789487312,-0.04836978549613129,0.8208945273161935,33.0
2023-02-21,0.09881490875312447,0.8677372838921139,-0.14846036376802968,0.8104337244314413,25.0
2023-02-22,0.24168107222411395,0.9478034692699453,-0.12192997508538647,0.6742623431366358,30.0
2023-02-23,-0.25784054809220214,1.3150532929969505,-0.04155582667865557,0.9624695121105873,25.0
2023-02-24,-0.18864411309577048,0.8385267881752001,0.02705484021346812,0.9174487037091269,24.0
2023-02-25,-0.2392898651935086,1.3479867970092454,0.06384511693063112,1.287631939608018,11.0
2023-02-26,-0.21778148592471763,0.9945250323583507,-0.162604487452781,0.8124567344718425,22.0
2023-02-27,0.12554336232790436,1.1048321919550725,0.09442239427662162,0.8973870151652109,29.0
2023-02-28,-0.2357052660400763,1.002170355339907,0.19008427095237804,1.2647683653566069,22.0
2023-03-01,0.2160406875168257,0.9296307486137338,0.23013632990212554,0.9282387639557715,22.0
2023-03-02,-0.1791271766465355,1.0187878845058382,0.892184850615883,1.6473080143907046,28.0
2023-03-03,0.08360918293958815,0.9623207066159133,-0.019463680863671798,1.0229601277117775,24.0
2023-03-04,0.05362168421537452,0.8972949515599644,-0.19788529987056516,0.7645841584936535,19.0
2023-03-05,-0.42484582134531673,1.1772359154593321,0.26700668412320666,1.66028851487669,12.0
2023-03-06,0.36644560878558585,0.8416467144556754,-0.2280616879451197,0.7045089112770409,17.0
2023-03-07,0.019683597066606124,0.7411207928496338,0.33495882643310715,1.3306512980316072,31.0
2023-03-08,-0.10796062856479559,0.8496378768272702,-0.2727951751748827,0.8093023765240707,18.0
2023-03-09,-0.21962684889202533,1.1149624318626603,-0.09292181324908129,0.7098135104817254,16.0
2023-03-10,-0.04717707623005722,0.4745028449397653,0.21133319084189087,1.221786013169683,16.0
2023-03-11,0.1533892091301341,1.2181196474990352,0.22787731136896655,1.3791332592052237,20.0
2023-03-12,0.1551468970326328,1.1251976880594985,-0.2168600894498966,0.7585358436986398,19.0
2023-03-13,0.2101393482797562,0.971898297455571,0.2968547518182954,1.0809898074889952,15.0
2023-03-14,-0.11816979928034058,0.7048814559212067,-0.08352532327530551,0.9014138679071805,31.0
2023-03-15,0.06448256681423092,1.0785362932032363,-0.2860240889765998,0.5230449876631713,43.0
2023-03-16,0.5409638077629613,0.9475814115748923,0.2210265430254204,1.1911214606571945,17.0
2023-03-17,0.5214808796897396,1.0269984283783875,0.37475947251762565,1.5150262611360008,30.0
2023-03-18,-0.2783370126801097,1.605912505122784,-0.012647972366040778,0.924014429925166,16.0
2023-03-19,-0.3575152945257181,1.4578598966557705,-0.2046918484569739,1.0253936670430042,14.0
2023-03-20,0.2583390889968555,1.4072551262432897,-0.45264591897666584,0.30231271389428277,17.0
2023-03-21,0.11190471558026847,0.923341902061212,-0.30454946652075787,0.8322293855147798,24.0
2023-03-22,0.5786667434324342,1.1338745028070156,0.15591484579377232,1.2823014516225368,17.0
2023-03-23,0.05162664178713046,0.9431369492877741,0.1426218863648281,1.162511854148266,27.0
2023-03-24,-0.22134414123903123,1.4361082267422047,-0.06560260866237971,0.9443012572520155,23.0
2023-03-25,0.465660965160312,0.9078689340834114,-0.18626167836420288,0.7672363330137935,10.0
2023-03-26,-0.39369330971386807,1.1598420472438997,-0.11970416579723686,1.0026736005875068,18.0
2023-03-27,-0.5129417496337348,1.0942010409589062,-0.18015852972653765,0.5683955909868125,14.0
2023-03-28,0.08289816498719724,0.7824665168474948,-0.21900533801178204,0.8220975279162956,14.0
2023-03-29,0.0800211849453504,1.0273239326110946,-0.19909999607323928,1.0479175295853647,11.0
2023-03-30,-0.36585711553171396,0.7128081517530912,0.7335841457011519,1.6232060389360754,27.0
2023-03-31,0.27734221565755734,0.5459603667415543,0.3804230309290873,1.3858438032456666,11.0
2023-04-01,-0.09673944691847525,0.8369256914538625,-0.12735005335531357,0.7779102727763874,16.0
2023-04-02,-0.12307330220282577,0.9390720604906748,0.17318722230654848,1.5859801730544483,13.0
2023-04-03,-0.17167393158201522,0.577049855993138,-0.3413758184475337,0.5516879596560216,14.0
2023-04-04,0.5282091893391366,0.6150900145671506,-0.3763329877906215,0.18556204026353793,7.0
2023-04-05,-0.15734567167257138,0.6141860001867067,0.25492932547278213,1.0635697700107931,27.0
2023-04-06,-0.02327168285732409,0.6322705934809394,0.27735874769228336,1.3350051682768227,31.0
2023-04-07,-0.3443986317876533,0.6205038189806059,0.3225747867267275,1.2948950697002626,25.0
2023-04-08,-0.08967484495240835,0.8330263499230467,-0.26291786076893514,0.5902020015947664,10.0
2023-04-09,-0.2005572479761729,0.9834537783908289,-0.31986065032489464,0.5934098291257698,10.0
2023-04-10,0.47350557844240865,1.083510866337145,0.06083070153765658,0.8570666468686468,13.0
2023-04-11,-0.2877983777703737,0.810850363844284,0.2651449144725588,1.5151072175705658,9.0
2023-04-12,-0.4158624693679261,0.9902411917045845,-0.061260870208757,1.0119772886812415,16.0
2023-04-13,-0.16602702180769416,0.8330364307607748,-0.23672153564905485,0.7592263258705446,27.0
2023-04-14,-0.2241350062076955,0.9859013836072353,0.07620776133231738,0.9645236960816941,26.0
2023-04-15,-0.31842565860840044,1.2615631402494372,-0.21862212851154808,0.61698397092991,21.0
2023-04-16,-0.3614823782477166,0.8501636429433574,0.24018409929315812,1.3848470360336802,13.0
2023-04-17,-0.006440401695031167,0.7020878827718997,-0.04449561245496784,0.9568797166746207,31.0
2023-04-18,-0.05593797999721917,0.6896009165801366,-0.17551370903818428,0.7276317220957242,20.0
2023-04-19,0.19346831379339655,0.8997472136750193,-0.31315449606375745,0.6558410640552137,17.0
2023-04-20,0.04800239315507594,0.7606955767398516,0.33743807507689794,1.2036536906384607,26.0
2023-04-21,0.043257037925787785,0.9028522203735114,-0.06614144765238024,0.7207042030426796,25.0
2023-04-22,0.4655107064179119,0.6439641734622706,0.15673223172516598,0.8712090813215265,8.0
2023-04-23,0.08097113453072805,1.1897328914047645,0.6045765399256124,1.160396930579438,18.0
2023-04-24,0.05669590474331049,1.0866616506992168,0.3200225607762877,1.181936486044502,23.0
2023-04-25,-0.06254151682959189,0.7099772451109778,0.05153983057431882,0.9760360278349913,25.0
2023-04-26,0.29893706828129446,1.3554541540381835,0.2024953293285427,1.148701424764916,20.0
2023-04-27,-0.004551518804278433,0.8644327476037386,-0.04953936139943764,0.7202641339174736,28.0
2023-04-28,-0.15787843798722279,1.100577707607004,0.05912639058988937,1.0853567389683338,36.0
2023-04-29,0.02972828458116038,1.0615685191105424,0.24456101222033177,1.5976972623086247,12.0
2023-04-30,0.3582628624121695,1.1741406390905385,-0.3506114590439188,0.5341463935901507,11.0
2023-05-01,0.0531997603098501,0.44862532781162623,-0.12932968806338507,1.0213167286685463,12.0
2023-05-02,-0.17018151225828712,1.1694750740244766,0.25955178121259603,1.4285425477777505,13.0
2023-05-03,0.46440090860319777,0.8928112826303468,0.12942356690477064,1.0962087642914409,32.0
2023-05-04,0.4074193114772129,0.9338034902718279,-0.3958567188900077,0.19813622529243483,12.0
2023-05-05,0.15017431326890837,1.0610371292877159,-0.12440366652493612,0.5495342545162907,8.0
2023-05-06,0.20406099432470257,0.8189140293926254,-0.45460159257955296,0.34249917740118063,15.0
2023-05-07,0.15658619115233033,0.6796181002012502,-0.15855726256414038,0.7996383655944254,26.0
2023-05-08,0.2153595313478664,0.9157233137501642,-0.09667599064109185,0.7338190167558192,27.0
2023-05-09,0.28061573221576724,0.7528970078490287,-0.02961855288373752,0.8463729790915531,27.0
2023-05-10,-0.035636764134855274,1.27388845583702,0.3889517594314731,0.977280985504993,17.0
2023-05-11,-0.06317032063782617,0.8017688221417931,0.37245305652580546,1.5414037170503792,17.0
2023-05-12,0.07995796644262643,0.8944906307482376,0.024213426866394397,0.9127222285107741,33.0
2023-05-13,0.2477865069661398,1.7103939872534488,0.021581492788883508,0.947623450862066,16.0
2023-05-14,0.5564608159822403,0.9414635163994698,0.3434293953044313,1.338155288332999,7.0
2023-05-15,-0.19309720160525168,0.7162307732765314,-0.0003445524233774042,0.9796223644606031,19.0
2023-05-16,-0.42390377391243866,1.0983396460257426,-0.38558463550974725,0.6062392644253446,14.0
2023-05-17,0.05445489087642462,0.9774782356409004,0.08819289972960026,1.02530852181911,28.0
2023-05-18,-0.14002041512632993,0.7378287626768193,-0.33537858442807694,0.430583334526452,14.0
2023-05-19,0.429710139153997,0.8953862891078582,0.30376858878208657,1.4252629919085507,33.0
2023-05-20,0.3384126052709987,0.850707152225845,0.12618391592491682,1.1411249875403522,32.0
2023-05-21,-0.007166438668535666,0.8144516381223105,0.9394325307726974,1.3415572773163724,19.0
2023-05-22,0.21783713169098137,0.849169888737477,-0.3183867283203564,0.5834007218691463,30.0
2023-05-23,0.11276985437173602,0.986828887838675,0.006216747376565006,1.0112261854232794,18.0
2023-05-24,-0.8032239965778167,0.8396558658501935,-0.4590100456271115,0.11048101962177498,9.0
2023-05-25,0.41945408952159013,1.7237149604514863,0.6505568529695085,1.4909394116209989,10.0
2023-05-26,0.25630648895087077,1.0239712252392883,0.06166183919029553,0.8810663435891709,19.0
2023-05-27,0.29135411226048463,0.4556399479932232,0.854674049782874,1.847546791947092,11.0
2023-05-28,0.4133974917140111,0.8900048892463935,0.29312829366533644,1.100084980737581,25.0
2023-05-29,0.2449475174143896,1.0472848578731622,0.37563327101638616,1.3864913589597245,17.0
2023-05-30,0.0981770429152803,0.9288979886917986,0.47296192122313446,1.561418939518568,27.0
2023-05-31,-0.06243434071718777,1.0437238952715635,0.12386275465807717,1.324270788778284,16.0
2023-06-01,0.14333816841148167,0.6460027625045677,-0.008759870330965236,0.976392269393078,15.0
2023-06-02,0.2822236923719084,0.7781578343413738,0.18420655140898437,1.1811315275805592,30.0
2023-06-03,0.6061064085350361,0.7636420650363956,0.17645781796203355,1.0500388537221297,22.0
2023-06-04,-0.023242671458245313,0.9517596603525268,0.7458095279565595,1.3698910167492564,10.0
2023-06-05,-0.037000488938910225,0.8327153715018165,0.060520234550815816,0.9914898900483347,20.0
2023-06-06,0.1228938006350979,1.0068819039424965,0.23257428965059537,1.1115048990910088,19.0
2023-06-07,-0.2380021842192238,1.160080962830531,0.07193843838458433,0.9295603629382146,17.0
2023-06-08,-0.3172487675265788,0.9513823182010015,-0.47484007039196174,0.39437844810252787,19.0
2023-06-09,-0.09109019561648991,0.8170849374622621,0.11891204424399383,1.1174709603677149,27.0
2023-06-10,-0.19553087639788616,1.4315911262240315,-0.11431373668318888,0.8634077928094832,18.0
2023-06-11,0.2606748723316173,0.9519634697428431,-0.019864237841506597,0.8594001042376939,14.0
2023-06-12,0.05683050362307488,0.8977080436870924,-0.0895068118878683,0.8133568193436378,16.0
2023-06-13,-0.176719827671804,0.6960627796723339,0.5593447044989157,1.955474289296373,22.0
2023-06-14,-0.028881116577736617,0.9893151212268597,0.24329484227424447,1.111222057053676,25.0
2023-06-15,0.1848204757284303,1.0305477134070604,-0.25439328030963687,0.6019045622632668,15.0
2023-06-16,-0.03783627214794494,1.074442636683286,0.11697402817574379,0.8439909867018496,21.0
2023-06-17,-0.4010790322527044,1.0477187650691713,-0.01957838921639185,0.7053815724506902,21.0
2023-06-18,-0.1152875899537717,0.8901457144315533,0.04444663162513642,1.1794171632146948,24.0
2023-06-19,-0.3962268882145621,1.437133793408009,0.06601900213672617,0.9125883430735957,38.0
2023-06-20,-0.013603916551940244,0.8098028855169932,-0.2891098940844564,0.6888705993492278,27.0
2023-06-21,-0.4516093263444599,0.6386605271057769,-0.2725459322485748,0.6227068083913073,19.0
2023-06-22,-0.18127378222754245,1.2301617236712215,-0.23224356427599024,0.77147121939316,36.0
2023-06-23,-0.462799805142541,1.1541594101538102,-0.25423270111729174,0.5914425256319435,14.0
2023-06-24,0.31350540422710876,1.19142112958286,-0.25939664691241504,0.4663771854542058,15.0
2023-06-25,-0.3459235736778802,1.1635801854082986,0.6209647239913745,1.2974149125796541,9.0
2023-06-26,0.018917198100092403,0.8685761388638368,-0.15654628121969408,0.6741735018176196,25.0
2023-06-27,-0.4696562410999688,1.263897544252909,-0.03568283346064767,0.8914754134893992,19.0
2023-06-28,0.40754833858791867,0.7251617288559528,0.4364826215319365,1.1902190734262303,20.0
2023-06-29,-0.08551244351458749,0.984424165622845,0.38463480479032713,1.3570257703450226,19.0
2023-06-30,-0.3285575191345248,0.9627667107488351,0.6292444978879677,1.3497227575750996,18.0
2023-07-01,-0.554859520997664,1.0485410830217115,-0.08022651445579275,0.7602708861552817,11.0
2023-07-02,-0.03587959148236005,0.9824690176804645,-0.25989623978558035,0.9116159638509598,9.0
2023-07-03,0.1336770176770288,0.8461727274501151,-0.4560497736575127,0.235482132738988,13.0
2023-07-04,-0.4750501521738314,1.0876325778810838,0.009602946203199007,0.7475951775975833,16.0
2023-07-05,-0.311950308720635,1.1364584846771466,0.5090791944032789,1.610847399127732,9.0
2023-07-06,0.030667530483613925,0.9040727523500371,-0.22898748203635763,0.6154877428306178,20.0
2023-07-07,0.1299105179721654,1.1147030579096342,-0.15324028859795666,0.7151161983961518,36.0
2023-07-08,0.3985981471402605,1.2690272917473135,-0.18936089885979626,0.5939211274956029,12.0
2023-07-09,0.25791093048854513,0.8316397212675531,-0.20494964409117766,0.642231419889485,11.0
2023-07-10,-0.49530497728410666,0.7895287443784836,0.23321586161313076,0.9430405110084289,15.0
2023-07-11,-0.6079161421195389,0.8064421613119882,-0.43313553765216944,0.20278718909790905,9.0
2023-07-12,-0.04880942190197069,1.0154731528374998,-0.030033397233719734,0.9077537669450876,15.0
2023-07-13,0.14584490118768914,1.0257367385120144,0.09065756276380914,1.2304655786885987,18.0
2023-07-14,0.2707095660264817,0.5565273093484867,0.0016160243604218844,0.8653576615569816,7.0
2023-07-15,-0.5973932946789778,0.5880693884383515,0.21766373096910696,1.2732545472750707,2.0
