,Fr√ºhling,Sommer,Winter,Herbst
2022-01-05,0,0,1,0
2022-01-14,0,0,1,0
2022-02-14,0,0,1,0
2022-04-19,0,0,1,0
2022-04-27,0,0,2,0
2022-04-30,0,1,0,0
2022-05-16,0,0,1,0
2022-05-18,0,0,1,0
2022-05-20,0,0,1,0
2022-06-07,0,0,1,0
2022-06-17,0,1,0,0
2022-06-19,0,0,1,0
2022-06-24,0,0,2,0
2022-07-03,0,0,2,0
2022-07-05,0,0,1,0
2022-07-06,0,0,1,0
2022-07-10,0,0,1,0
2022-07-12,0,0,2,0
2022-07-13,0,0,1,0
2022-07-15,0,0,1,0
2022-07-16,0,0,1,0
2022-07-18,0,1,1,0
2022-07-25,0,0,1,0
2022-07-26,0,0,1,0
2022-07-28,0,1,1,0
2022-07-31,0,1,0,0
2022-08-03,0,0,2,0
2022-08-05,0,0,1,0
2022-08-07,0,0,1,0
2022-08-09,0,0,1,0
2022-08-10,0,0,2,0
2022-08-15,0,0,1,0
2022-08-23,0,1,1,0
2022-08-24,0,0,2,0
2022-08-27,0,0,1,0
2022-08-29,0,0,2,0
2022-08-30,0,0,1,0
2022-08-31,0,0,1,0
2022-09-02,0,0,2,0
2022-09-05,0,0,2,0
2022-09-08,0,0,1,0
2022-09-09,0,0,1,0
2022-09-10,0,0,2,0
2022-09-14,0,0,5,0
2022-09-15,0,0,1,0
2022-09-16,0,0,1,0
2022-09-19,0,0,1,0
2022-09-20,0,1,2,0
2022-09-21,0,0,2,0
2022-09-22,0,0,1,0
2022-09-23,0,0,2,0
2022-09-25,0,0,1,0
2022-09-26,1,0,1,0
2022-09-27,0,0,2,0
2022-09-28,0,0,6,0
2022-09-29,0,1,4,0
2022-09-30,0,0,2,0
2022-10-01,0,0,3,0
2022-10-02,0,0,2,0
2022-10-03,0,0,3,0
2022-10-04,1,2,5,0
2022-10-05,0,1,6,0
2022-10-06,3,0,4,0
2022-10-07,0,1,10,0
2022-10-08,0,0,3,0
2022-10-09,2,0,2,0
2022-10-10,0,1,6,0
2022-10-11,2,1,5,0
2022-10-12,2,0,14,0
2022-10-13,0,0,17,0
2022-10-14,1,0,11,0
2022-10-15,0,0,3,1
2022-10-16,0,1,5,0
2022-10-17,1,2,8,0
2022-10-18,0,0,11,0
2022-10-19,2,0,11,0
2022-10-20,0,2,36,0
2022-10-21,0,0,28,1
2022-10-22,0,0,12,0
2022-10-23,3,0,4,0
2022-10-24,4,3,12,2
2022-10-25,2,1,17,2
2022-10-26,1,5,18,2
2022-10-27,0,6,17,0
2022-10-28,4,2,8,2
2022-10-29,3,2,5,2
2022-10-30,4,5,6,2
2022-10-31,5,4,20,5
2022-11-01,1,2,15,2
2022-11-02,1,3,16,4
2022-11-03,4,2,19,4
2022-11-04,3,5,5,7
2022-11-05,8,0,11,3
2022-11-06,2,2,10,4
2022-11-07,3,3,8,8
2022-11-08,2,5,15,4
2022-11-09,7,2,14,9
2022-11-10,5,3,7,7
2022-11-11,4,7,9,3
2022-11-12,1,0,1,6
2022-11-13,1,0,3,2
2022-11-14,7,3,6,2
2022-11-15,4,4,29,1
2022-11-16,3,6,20,0
2022-11-17,6,5,17,12
2022-11-18,3,5,14,3
2022-11-19,2,0,13,5
2022-11-20,1,4,11,3
2022-11-21,2,1,16,8
2022-11-22,7,5,20,6
2022-11-23,8,1,6,9
2022-11-24,10,11,41,2
2022-11-25,3,5,12,13
2022-11-26,3,3,10,7
2022-11-27,4,4,10,4
2022-11-28,7,0,8,5
2022-11-29,5,1,11,6
2022-11-30,5,5,6,4
2022-12-01,6,0,18,5
2022-12-02,9,4,16,6
2022-12-03,0,1,10,1
2022-12-04,1,3,16,4
2022-12-05,6,6,27,4
2022-12-06,5,5,11,5
2022-12-07,12,1,15,7
2022-12-08,6,1,14,3
2022-12-09,7,2,18,6
2022-12-10,4,4,12,1
2022-12-11,6,7,10,1
2022-12-12,8,10,28,1
2022-12-13,5,0,24,3
2022-12-14,4,8,19,3
2022-12-15,2,5,23,2
2022-12-16,5,2,17,4
2022-12-17,10,4,10,0
2022-12-18,2,4,21,7
2022-12-19,8,11,89,30
2022-12-20,5,3,27,10
2022-12-21,1,0,13,4
2022-12-22,0,3,10,6
2022-12-23,2,10,15,9
2022-12-24,3,2,8,3
2022-12-25,0,2,7,1
2022-12-26,2,3,17,3
2022-12-27,14,3,6,14
2022-12-28,6,6,7,19
2022-12-29,0,8,6,13
2022-12-30,4,11,8,23
2022-12-31,0,7,2,16
2023-01-01,5,8,3,27
2023-01-02,3,5,2,15
2023-01-03,9,3,8,7
2023-01-04,10,8,4,20
2023-01-05,12,5,4,3
2023-01-06,7,7,6,0
2023-01-07,8,6,4,8
2023-01-08,5,4,7,4
2023-01-09,6,2,4,1
2023-01-10,2,1,7,15
2023-01-11,7,4,5,7
2023-01-12,4,1,4,6
2023-01-13,11,9,10,9
2023-01-14,0,0,8,7
2023-01-15,2,2,9,9
2023-01-16,2,3,9,4
2023-01-17,5,7,9,2
2023-01-18,0,2,3,0
2023-01-19,9,2,14,2
2023-01-20,9,2,11,5
2023-01-21,1,4,21,4
2023-01-22,5,1,19,1
2023-01-23,11,9,19,5
2023-01-24,4,2,14,1
2023-01-25,8,6,7,1
2023-01-26,6,3,9,1
2023-01-27,3,3,17,7
2023-01-28,3,4,18,4
2023-01-29,4,3,5,1
2023-01-30,3,1,6,1
2023-01-31,5,4,15,3
2023-02-01,5,10,9,14
2023-02-02,6,1,7,3
2023-02-03,3,6,16,2
2023-02-04,2,2,4,2
2023-02-05,2,6,4,0
2023-02-06,11,5,10,2
2023-02-07,11,16,13,2
2023-02-08,5,1,2,2
2023-02-09,2,0,9,1
2023-02-10,4,5,6,1
2023-02-11,2,0,2,0
2023-02-12,1,1,1,0
2023-02-13,2,1,1,1
2023-02-14,5,0,3,1
2023-02-15,10,2,0,1
2023-02-16,5,1,4,2
2023-02-17,8,1,4,4
2023-02-18,8,2,2,1
2023-02-19,6,8,5,7
2023-02-20,13,10,11,2
2023-02-21,11,9,6,3
2023-02-22,19,5,8,1
2023-02-23,13,10,7,5
2023-02-24,7,3,15,3
2023-02-25,4,1,7,2
2023-02-26,12,7,7,0
2023-02-27,8,8,12,6
2023-02-28,9,4,9,3
2023-03-01,12,5,9,3
2023-03-02,15,5,11,5
2023-03-03,11,6,7,8
2023-03-04,10,2,8,5
2023-03-05,4,4,7,3
2023-03-06,6,4,6,3
2023-03-07,7,2,23,2
2023-03-08,2,3,10,5
2023-03-09,7,0,3,6
2023-03-10,7,1,7,1
2023-03-11,4,8,16,6
2023-03-12,7,7,8,3
2023-03-13,3,8,1,7
2023-03-14,6,1,13,14
2023-03-15,20,5,20,8
2023-03-16,9,6,3,9
2023-03-17,13,11,12,4
2023-03-18,3,8,4,4
2023-03-19,9,3,3,0
2023-03-20,7,8,1,1
2023-03-21,10,9,3,3
2023-03-22,8,6,1,6
2023-03-23,10,10,1,8
2023-03-24,19,3,2,3
2023-03-25,3,4,5,4
2023-03-26,4,4,11,6
2023-03-27,2,2,10,3
2023-03-28,7,1,4,5
2023-03-29,4,2,4,2
2023-03-30,11,6,4,14
2023-03-31,6,3,2,3
2023-04-01,7,1,3,9
2023-04-02,4,4,1,7
2023-04-03,4,2,5,6
2023-04-04,4,2,2,0
2023-04-05,16,5,6,9
2023-04-06,19,10,7,14
2023-04-07,19,5,0,10
2023-04-08,5,3,2,2
2023-04-09,3,2,2,6
2023-04-10,9,1,3,4
2023-04-11,2,3,1,4
2023-04-12,5,2,7,6
2023-04-13,14,0,10,7
2023-04-14,8,5,10,7
2023-04-15,8,1,6,7
2023-04-16,4,5,1,4
2023-04-17,11,2,13,7
2023-04-18,8,4,7,5
2023-04-19,8,3,2,4
2023-04-20,11,7,6,8
2023-04-21,6,16,1,4
2023-04-22,2,5,0,2
2023-04-23,8,14,0,1
2023-04-24,7,12,4,5
2023-04-25,5,12,4,7
2023-04-26,10,9,3,2
2023-04-27,12,11,0,6
2023-04-28,14,14,3,12
2023-04-29,7,6,0,4
2023-04-30,6,4,1,0
2023-05-01,8,4,0,0
2023-05-02,4,9,0,3
2023-05-03,21,15,0,8
2023-05-04,7,7,1,1
2023-05-05,3,1,1,3
2023-05-06,3,5,1,7
2023-05-07,6,9,0,14
2023-05-08,5,10,10,6
2023-05-09,11,12,3,9
2023-05-10,5,4,1,11
2023-05-11,8,4,0,6
2023-05-12,14,5,4,12
2023-05-13,4,6,1,5
2023-05-14,4,1,0,2
2023-05-15,10,3,2,4
2023-05-16,5,4,2,3
2023-05-17,14,7,4,7
2023-05-18,10,3,0,2
2023-05-19,19,18,2,5
2023-05-20,12,14,0,14
2023-05-21,10,3,0,11
2023-05-22,13,7,3,8
2023-05-23,11,1,0,7
2023-05-24,7,2,0,4
2023-05-25,8,3,2,1
2023-05-26,14,5,3,1
2023-05-27,8,4,0,3
2023-05-28,16,9,0,3
2023-05-29,7,9,0,2
2023-05-30,10,15,0,10
2023-05-31,6,7,2,1
2023-06-01,8,5,1,2
2023-06-02,24,10,1,1
2023-06-03,18,7,0,4
2023-06-04,8,2,0,1
2023-06-05,3,11,6,0
2023-06-06,13,6,2,1
2023-06-07,13,3,2,0
2023-06-08,7,5,3,4
2023-06-09,15,9,2,1
2023-06-10,9,7,1,4
2023-06-11,7,6,2,1
2023-06-12,6,10,0,1
2023-06-13,5,14,2,2
2023-06-14,9,15,0,2
2023-06-15,5,9,1,3
2023-06-16,6,14,0,4
2023-06-17,10,9,0,5
2023-06-18,12,11,0,1
2023-06-19,10,28,1,2
2023-06-20,7,19,2,1
2023-06-21,4,18,0,2
2023-06-22,8,25,3,3
2023-06-23,4,7,1,4
2023-06-24,11,6,0,0
2023-06-25,4,6,0,1
2023-06-26,4,22,0,1
2023-06-27,7,8,2,2
2023-06-28,9,11,1,2
2023-06-29,9,8,5,4
2023-06-30,4,13,3,0
2023-07-01,5,6,0,4
2023-07-02,3,3,1,4
2023-07-03,4,6,0,4
2023-07-04,6,10,2,4
2023-07-05,3,7,0,0
2023-07-06,15,7,0,1
2023-07-07,11,30,0,1
2023-07-08,3,12,1,0
2023-07-09,2,10,0,0
2023-07-10,3,19,6,0
2023-07-11,3,15,2,0
2023-07-12,8,14,1,4
2023-07-13,5,17,0,1
2023-07-14,6,13,1,0
2023-07-15,1,21,0,1
2023-07-16,4,26,0,2
2023-07-17,4,18,1,3
2023-07-18,5,12,0,2
2023-07-19,12,30,3,6
2023-07-20,0,6,1,2
2023-07-21,4,4,0,0
2023-07-22,0,9,0,0
2023-07-23,4,5,0,0
2023-07-24,1,1,0,0
2023-07-25,9,7,0,4
2023-07-26,2,4,3,1
2023-07-27,5,4,0,1
2023-07-28,0,6,1,0
2023-07-29,7,17,0,6
2023-07-30,4,7,0,1
2023-07-31,0,2,0,1
2023-08-01,7,3,0,2
2023-08-02,1,1,1,8
1970-01-01,0,0,0,0
